model_name,lead_time_step,variable,rmse,acc,backbone_rmse,rmse_abs_diff,is_pruned,is_quant
pruned_1_layers_epoch_6,1,t2m,0.7449048834140074,0.98952967461261,0.7415462858850064,0.0033585975290010284,True,False
pruned_2_layers_epoch_6,1,t2m,0.7567624286566367,0.9892182423415796,0.7415462858850064,0.015216142771630303,True,False
pruned_3_layers_epoch_6,1,t2m,0.7744937266051436,0.988707951327276,0.7415462858850064,0.03294744072013722,True,False
pruned_1_layers_epoch_6,2,t2m,0.8399692670593049,0.9871235113570144,0.8226299182662751,0.017339348793029785,True,False
pruned_2_layers_epoch_6,2,t2m,0.8620326455744951,0.9864942611262784,0.8226299182662751,0.03940272730822003,True,False
pruned_3_layers_epoch_6,2,t2m,0.8875264758504303,0.985572661434472,0.8226299182662751,0.06489655758415525,True,False
pruned_1_layers_epoch_6,3,t2m,0.9107266068458556,0.984526798045835,0.8749871467078865,0.03573946013796914,True,False
pruned_2_layers_epoch_6,3,t2m,0.9378574517186128,0.9836686936170695,0.8749871467078865,0.06287030501072632,True,False
pruned_3_layers_epoch_6,3,t2m,0.969083955501045,0.98244038307467,0.8749871467078865,0.09409680879315852,True,False
pruned_1_layers_epoch_6,4,t2m,0.986304732674327,0.9822284689162696,0.9333545725438848,0.05295016013044218,True,False
pruned_2_layers_epoch_6,4,t2m,1.0161654463027443,0.981355172628797,0.9333545725438848,0.08281087375885954,True,False
pruned_3_layers_epoch_6,4,t2m,1.0511632987906814,0.9797150489338284,0.9333545725438848,0.11780872624679661,True,False
pruned_1_layers_epoch_6,5,t2m,1.0930318189732855,0.9766922752950444,0.9881911580789022,0.10484066089438326,True,False
pruned_2_layers_epoch_6,5,t2m,1.09350144197155,0.9779712148218848,0.9881911580789022,0.10531028389264785,True,False
pruned_3_layers_epoch_6,5,t2m,1.14760581940912,0.9749962557627502,0.9881911580789022,0.15941466133021787,True,False
pruned_2_layers_epoch_6,6,t2m,1.181275712711185,0.9750136296842352,1.04864101336655,0.132634699344635,True,False
pruned_1_layers_epoch_6,6,t2m,1.2711090848432574,0.9668047208359788,1.04864101336655,0.22246807147670733,True,False
pruned_3_layers_epoch_6,6,t2m,1.280362703280742,0.9689331231170526,1.04864101336655,0.23172168991419206,True,False
pruned_2_layers_epoch_6,7,t2m,1.274291806380842,0.9703197346053308,1.0967049472158847,0.1775868591649572,True,False
pruned_4_layers_epoch_6,7,t2m,1.4047801328104967,0.9639369056211504,1.0967049472158847,0.308075185594612,True,False
pruned_3_layers_epoch_6,7,t2m,1.5182047929177738,0.9546347700017792,1.0967049472158847,0.42149984570188903,True,False
pruned_2_layers_epoch_6,8,t2m,1.4160891911171003,0.9638765474271508,1.156690362445469,0.25939882867163133,True,False
pruned_4_layers_epoch_6,8,t2m,1.503206846434311,0.9596010716267804,1.156690362445469,0.34651648398884194,True,False
pruned_1_layers_epoch_6,8,t2m,1.8804679689460624,0.9286586046218872,1.156690362445469,0.7237776065005934,True,False
pruned_2_layers_epoch_6,9,t2m,1.6197538009568966,0.9509411074595744,1.2132152911671048,0.4065385097897918,True,False
pruned_4_layers_epoch_6,9,t2m,1.6257522512414602,0.951689546334677,1.2132152911671048,0.41253696007435536,True,False
pruned_1_layers_epoch_6,9,t2m,2.323505435575986,0.8983872885810597,1.2132152911671048,1.110290144408881,True,False
pruned_4_layers_epoch_6,10,t2m,1.769828143732508,0.9437876700023032,1.2778140193257252,0.4920141244067828,True,False
pruned_2_layers_epoch_6,10,t2m,1.9297907685434352,0.9322199888069536,1.2778140193257252,0.65197674921771,True,False
pruned_1_layers_epoch_6,10,t2m,2.826859672642287,0.8676446186763614,1.2778140193257252,1.5490456533165617,True,False
pruned_4_layers_epoch_6,11,t2m,1.95167720384438,0.9300473702020484,1.33864154229617,0.61303566154821,True,False
pruned_2_layers_epoch_6,11,t2m,2.3676245292471774,0.9033439492380152,1.33864154229617,1.0289829869510074,True,False
pruned_1_layers_epoch_6,11,t2m,3.37226996142105,0.8300295625319029,1.33864154229617,2.03362841912488,True,False
pruned_4_layers_epoch_6,12,t2m,2.168714792368798,0.9157308986067106,1.4080131952989037,0.7607015970698945,True,False
pruned_2_layers_epoch_6,12,t2m,2.9557623836581266,0.8680640965200669,1.4080131952989037,1.547749188359223,True,False
pruned_1_layers_epoch_6,12,t2m,3.960486773006077,0.7970204589753177,1.4080131952989037,2.552473577707173,True,False
pruned_4_layers_epoch_6,13,t2m,2.426668204408784,0.8939012888423558,1.4763547801438657,0.9503134242649183,True,False
pruned_2_layers_epoch_6,13,t2m,3.692440806154432,0.8212120273259765,1.4763547801438657,2.2160860260105664,True,False
pruned_1_layers_epoch_6,13,t2m,4.627380700750724,0.7556463906218885,1.4763547801438657,3.151025920606858,True,False
pruned_4_layers_epoch_6,14,t2m,2.70766886119736,0.8734230562295328,1.5495397844794077,1.1581290767179524,True,False
pruned_2_layers_epoch_6,14,t2m,4.596753625230416,0.7713872598869175,1.5495397844794077,3.0472138407510085,True,False
pruned_1_layers_epoch_6,14,t2m,5.424755974854837,0.7177977525322131,1.5495397844794077,3.875216190375429,True,False
pruned_4_layers_epoch_6,15,t2m,3.0071842270856464,0.8456707789911239,1.6219221293593251,1.3852620977263213,True,False
pruned_2_layers_epoch_6,15,t2m,5.701457142163921,0.7099924986588888,1.6219221293593251,4.079535012804596,True,False
pruned_5_layers_epoch_6,15,t2m,6.232288640304651,0.6217490191566212,1.6219221293593251,4.610366510945326,True,False
pruned_4_layers_epoch_6,16,t2m,3.3130994775441773,0.8225323144950014,1.697380506792548,1.6157189707516293,True,False
pruned_5_layers_epoch_6,16,t2m,6.955351696334072,0.5849693485811436,1.697380506792548,5.257971189541523,True,False
pruned_2_layers_epoch_6,16,t2m,7.0100316415285935,0.6492307042109899,1.697380506792548,5.312651134736045,True,False
pruned_4_layers_epoch_6,17,t2m,3.621302820450767,0.7929053176714721,1.770435988570059,1.850866831880708,True,False
pruned_5_layers_epoch_6,17,t2m,7.641863399377748,0.5440162498524735,1.770435988570059,5.871427410807689,True,False
pruned_2_layers_epoch_6,17,t2m,8.543139203300688,0.5796676868333497,1.770435988570059,6.77270321473063,True,False
pruned_4_layers_epoch_6,18,t2m,3.9223088152581753,0.7702194865189451,1.8484467454462743,2.0738620698119012,True,False
pruned_5_layers_epoch_6,18,t2m,8.271372206384243,0.5176093318608886,1.8484467454462743,6.422925460937968,True,False
pruned_6_layers_epoch_6,18,t2m,9.979770990723338,0.4469921231769316,1.8484467454462743,8.131324245277064,True,False
pruned_4_layers_epoch_6,19,t2m,4.215181417305376,0.7410866837927749,1.9226100604627383,2.292571356842638,True,False
pruned_5_layers_epoch_6,19,t2m,8.848769781975772,0.4864199891603192,1.9226100604627383,6.9261597215130335,True,False
pruned_6_layers_epoch_6,19,t2m,10.598617564366515,0.4200958602921257,1.9226100604627383,8.676007503903778,True,False
pruned_4_layers_epoch_6,20,t2m,4.498050657730529,0.7205173351578207,2.000409933441844,2.4976407242886847,True,False
pruned_5_layers_epoch_6,20,t2m,9.37267460370197,0.4679787708394354,2.000409933441844,7.372264670260126,True,False
pruned_6_layers_epoch_6,20,t2m,11.18287224476564,0.4034877860679307,2.000409933441844,9.182462311323796,True,False
pruned_4_layers_epoch_6,21,t2m,4.773339501972305,0.6932995111249679,2.0732400530543407,2.700099448917964,True,False
pruned_5_layers_epoch_6,21,t2m,9.857009482783312,0.4439272094705251,2.0732400530543407,7.783769429728971,True,False
pruned_6_layers_epoch_6,21,t2m,11.734910538742662,0.3817661960697707,2.0732400530543407,9.661670485688322,True,False
pruned_4_layers_epoch_6,22,t2m,5.039429861740027,0.6748300609308914,2.148724086457791,2.8907057752822363,True,False
pruned_5_layers_epoch_6,22,t2m,10.304196000765156,0.4304632773445971,2.148724086457791,8.155471914307366,True,False
pruned_6_layers_epoch_6,22,t2m,12.262682520477464,0.3689333767364811,2.148724086457791,10.113958434019672,True,False
pruned_4_layers_epoch_6,23,t2m,5.298494485503468,0.6494022504577424,2.219700020118798,3.07879446538467,True,False
pruned_5_layers_epoch_6,23,t2m,10.728430801263734,0.4108627639169799,2.219700020118798,8.508730781144935,True,False
pruned_6_layers_epoch_6,23,t2m,12.774000684642258,0.3509048386659036,2.219700020118798,10.55430066452346,True,False
pruned_4_layers_epoch_6,24,t2m,5.550117900251676,0.6330000267015489,2.293268286982062,3.256849613269614,True,False
pruned_5_layers_epoch_6,24,t2m,11.13321255305626,0.4002239723278823,2.293268286982062,8.839944266074198,True,False
pruned_6_layers_epoch_6,24,t2m,13.282426567716971,0.3402735763255444,2.293268286982062,10.989158280734909,True,False
pruned_4_layers_epoch_6,25,t2m,5.794912146456415,0.6098288720546488,2.3614596548027165,3.4334524916536986,True,False
pruned_5_layers_epoch_6,25,t2m,11.5304747959755,0.3835924351848037,2.3614596548027165,9.169015141172784,True,False
pruned_6_layers_epoch_6,25,t2m,13.79472530620724,0.3242882913883838,2.3614596548027165,11.433265651404524,True,False
pruned_4_layers_epoch_6,26,t2m,6.034171123078416,0.5949311514473494,2.4293229832995538,3.604848139778862,True,False
pruned_5_layers_epoch_6,26,t2m,11.921085735939068,0.3744752577729731,2.4293229832995538,9.491762752639513,True,False
pruned_6_layers_epoch_6,26,t2m,14.31863500286081,0.3147878070783348,2.4293229832995538,11.889312019561256,True,False
pruned_4_layers_epoch_6,27,t2m,6.266696668869956,0.5734191638464369,2.49280796770277,3.7738887011671864,True,False
pruned_5_layers_epoch_6,27,t2m,12.311138238320805,0.3597391474180381,2.49280796770277,9.818330270618034,True,False
pruned_6_layers_epoch_6,27,t2m,14.850349410286162,0.3002930166168586,2.49280796770277,12.357541442583392,True,False
pruned_4_layers_epoch_6,28,t2m,6.493110715343965,0.5604358601836519,2.559483763891892,3.933626951452073,True,False
pruned_5_layers_epoch_6,28,t2m,12.697995271096682,0.3518968585816175,2.559483763891892,10.13851150720479,True,False
pruned_6_layers_epoch_6,28,t2m,15.387423952198562,0.2920384690082273,2.559483763891892,12.82794018830667,True,False
pruned_1_layers_epoch_6,1,t850,0.5281521308355491,0.9944481117099356,0.51979684979556,0.00835528103998917,True,False
pruned_2_layers_epoch_6,1,t850,0.5403277529351538,0.9941889770204128,0.51979684979556,0.020530903139593826,True,False
pruned_3_layers_epoch_6,1,t850,0.5524792334886902,0.9939281980418626,0.51979684979556,0.03268238369313026,True,False
pruned_1_layers_epoch_6,2,t850,0.6967174077833165,0.990383962013202,0.6755504774647718,0.021166930318544663,True,False
pruned_2_layers_epoch_6,2,t850,0.7181139301987334,0.989788384410922,0.6755504774647718,0.04256345273396156,True,False
pruned_3_layers_epoch_6,2,t850,0.73656083451969,0.9892686868513096,0.6755504774647718,0.061010357054918196,True,False
pruned_1_layers_epoch_6,3,t850,0.7747636770402919,0.988002811397254,0.7336604045756037,0.041103272464688256,True,False
pruned_2_layers_epoch_6,3,t850,0.8055989888793263,0.987033904597746,0.7336604045756037,0.07193858430372269,True,False
pruned_3_layers_epoch_6,3,t850,0.8319565707078859,0.9861934411459128,0.7336604045756037,0.0982961661322822,True,False
pruned_1_layers_epoch_6,4,t850,0.8857139085924159,0.9844278300274684,0.8339754882471522,0.05173842034526377,True,False
pruned_2_layers_epoch_6,4,t850,0.9241285670402996,0.983061971278164,0.8339754882471522,0.09015307879314738,True,False
pruned_3_layers_epoch_6,4,t850,0.9584368054427248,0.9818069568559444,0.8339754882471522,0.12446131719557263,True,False
pruned_1_layers_epoch_6,5,t850,0.9658923212376388,0.9813209585637354,0.8915363007417604,0.07435602049587842,True,False
pruned_2_layers_epoch_6,5,t850,1.0128978640673547,0.9794891156963796,0.8915363007417604,0.12136156332559433,True,False
pruned_3_layers_epoch_6,5,t850,1.056980605231983,0.9776598647986044,0.8915363007417604,0.16544430449022263,True,False
pruned_1_layers_epoch_6,6,t850,1.0800641728513067,0.976775770413809,0.9953455288982924,0.08471864395301432,True,False
pruned_2_layers_epoch_6,6,t850,1.131935200211722,0.9745763270548602,0.9953455288982924,0.13658967131342958,True,False
pruned_3_layers_epoch_6,6,t850,1.1871334274387892,0.9719628598436963,0.9953455288982924,0.19178789854049683,True,False
pruned_1_layers_epoch_6,7,t850,1.177132234227058,0.9721365311292296,1.0642962419120958,0.11283599231496222,True,False
pruned_2_layers_epoch_6,7,t850,1.233223261113939,0.9695878241981208,1.0642962419120958,0.16892701920184328,True,False
pruned_3_layers_epoch_6,7,t850,1.3025267736871815,0.965881066948342,1.0642962419120958,0.23823053177508569,True,False
pruned_1_layers_epoch_6,8,t850,1.3031061641330826,0.9659780836638124,1.1725674747754742,0.13053868935760837,True,False
pruned_2_layers_epoch_6,8,t850,1.3565819822876146,0.9634557469597076,1.1725674747754742,0.18401450751214043,True,False
pruned_3_layers_epoch_6,8,t850,1.4541495179330837,0.9575725897064422,1.1725674747754742,0.2815820431576095,True,False
pruned_1_layers_epoch_6,9,t850,1.424813580246611,0.9589097979348464,1.2561686052290422,0.16864497501756892,True,False
pruned_2_layers_epoch_6,9,t850,1.475197050158538,0.9564525964539812,1.2561686052290422,0.2190284449294959,True,False
pruned_4_layers_epoch_6,9,t850,1.6220684104791567,0.947236423385876,1.2561686052290422,0.36589980525011456,True,False
pruned_1_layers_epoch_6,10,t850,1.5699180211434818,0.9504406139171324,1.3715707576474665,0.19834726349601528,True,False
pruned_2_layers_epoch_6,10,t850,1.6132244917267529,0.9483026792217232,1.3715707576474665,0.24165373407928636,True,False
pruned_4_layers_epoch_6,10,t850,1.7647896798629334,0.9377592449081676,1.3715707576474665,0.39321892221546695,True,False
pruned_1_layers_epoch_6,11,t850,1.7159951685527184,0.9404483214436964,1.4656895578906524,0.250305610662066,True,False
pruned_2_layers_epoch_6,11,t850,1.755677931801567,0.9382875265355882,1.4656895578906524,0.2899883739109146,True,False
pruned_4_layers_epoch_6,11,t850,1.9046801062269585,0.9266438427584132,1.4656895578906524,0.43899054833630613,True,False
pruned_1_layers_epoch_6,12,t850,1.8821576460779712,0.9291879631287558,1.5856013770875983,0.2965562689903729,True,False
pruned_2_layers_epoch_6,12,t850,1.9188878349751728,0.9269816685655264,1.5856013770875983,0.3332864578875745,True,False
pruned_4_layers_epoch_6,12,t850,2.0533684865056467,0.9149798621012512,1.5856013770875983,0.46776710941804844,True,False
pruned_1_layers_epoch_6,13,t850,2.057176884326189,0.9154348879553086,1.6877206377476954,0.3694562465784934,True,False
pruned_2_layers_epoch_6,13,t850,2.095989448398185,0.912563888720294,1.6877206377476954,0.4082688106504897,True,False
pruned_4_layers_epoch_6,13,t850,2.200677004606364,0.9012255065933952,1.6877206377476954,0.5129563668586685,True,False
pruned_1_layers_epoch_6,14,t850,2.255959060605012,0.9001089554259231,1.8103787446155228,0.4455803159894891,True,False
pruned_2_layers_epoch_6,14,t850,2.297386955282541,0.8965807497168387,1.8103787446155228,0.48700821066701816,True,False
pruned_4_layers_epoch_6,14,t850,2.3519775241446896,0.8875402048979392,1.8103787446155228,0.5415987795291668,True,False
pruned_1_layers_epoch_6,15,t850,2.474290799828215,0.880997364081484,1.91674061460868,0.557550185219535,True,False
pruned_4_layers_epoch_6,15,t850,2.4999896600925724,0.8716462251194362,1.91674061460868,0.5832490454838923,True,False
pruned_2_layers_epoch_6,15,t850,2.522396447938248,0.8761680472496501,1.91674061460868,0.6056558333295678,True,False
pruned_4_layers_epoch_6,16,t850,2.6497636480704365,0.8564887229956728,2.039217377508153,0.6105462705622835,True,False
pruned_1_layers_epoch_6,16,t850,2.7289203039094723,0.8594292592069956,2.039217377508153,0.6897029264013192,True,False
pruned_2_layers_epoch_6,16,t850,2.7817093700004025,0.8537138264272466,2.039217377508153,0.7424919924922495,True,False
pruned_4_layers_epoch_6,17,t850,2.7956025147571246,0.8389989663768747,2.1463008799366445,0.6493016348204801,True,False
pruned_1_layers_epoch_6,17,t850,3.0205786214860457,0.832294926963039,2.1463008799366445,0.8742777415494012,True,False
pruned_2_layers_epoch_6,17,t850,3.0752042565265847,0.8255257756350427,2.1463008799366445,0.9289033765899402,True,False
pruned_4_layers_epoch_6,18,t850,2.942061196492371,0.8227527584443545,2.2679518281414524,0.6741093683509187,True,False
pruned_1_layers_epoch_6,18,t850,3.3683175840857307,0.8017824328811475,2.2679518281414524,1.1003657559442783,True,False
pruned_2_layers_epoch_6,18,t850,3.4086234516271667,0.7955254028296338,2.2679518281414524,1.1406716234857144,True,False
pruned_4_layers_epoch_6,19,t850,3.0815280709186745,0.8041354158071167,2.3736496517778107,0.7078784191408638,True,False
pruned_5_layers_epoch_6,19,t850,3.747136062749937,0.7286518822169171,2.3736496517778107,1.3734864109721263,True,False
pruned_1_layers_epoch_6,19,t850,3.769668733607457,0.7650093121568584,2.3736496517778107,1.396019081829646,True,False
pruned_4_layers_epoch_6,20,t850,3.2201015869332426,0.7874880682822712,2.491949409079951,0.7281521778532913,True,False
pruned_5_layers_epoch_6,20,t850,3.936504437270777,0.7057089049722896,2.491949409079951,1.444555028190826,True,False
pruned_2_layers_epoch_6,20,t850,4.1795579414793895,0.7237620994698402,2.491949409079951,1.6876085323994383,True,False
pruned_4_layers_epoch_6,21,t850,3.3498770631225416,0.7685208187422938,2.594440341661762,0.7554367214607796,True,False
pruned_5_layers_epoch_6,21,t850,4.11099657532889,0.6815677123695778,2.594440341661762,1.5165562336671283,True,False
pruned_6_layers_epoch_6,21,t850,4.579098235295471,0.6349632738355818,2.594440341661762,1.9846578936337091,True,False
pruned_4_layers_epoch_6,22,t850,3.477567290460597,0.752220423527936,2.709413004987067,0.7681542854735302,True,False
pruned_5_layers_epoch_6,22,t850,4.277308261594293,0.660779485489403,2.709413004987067,1.5678952566072257,True,False
pruned_6_layers_epoch_6,22,t850,4.7821882876603965,0.6119308020482516,2.709413004987067,2.0727752826733297,True,False
pruned_4_layers_epoch_6,23,t850,3.5963683954164303,0.7333655796903472,2.807502079276399,0.7888663161400311,True,False
pruned_5_layers_epoch_6,23,t850,4.428945338925836,0.6390207641284559,2.807502079276399,1.6214432596494373,True,False
pruned_6_layers_epoch_6,23,t850,4.968073218894404,0.588805162040881,2.807502079276399,2.160571139618005,True,False
pruned_4_layers_epoch_6,24,t850,3.712762863276391,0.7177631903294078,2.9167530723124244,0.7960097909639665,True,False
pruned_5_layers_epoch_6,24,t850,4.574584837066395,0.6207524874356872,2.9167530723124244,1.6578317647539702,True,False
pruned_6_layers_epoch_6,24,t850,5.152932049841854,0.5685277701090168,2.9167530723124244,2.2361789775294296,True,False
pruned_4_layers_epoch_6,25,t850,3.818396606924813,0.6998366412170772,3.0083922047854803,0.8100044021393327,True,False
pruned_5_layers_epoch_6,25,t850,4.70773835155551,0.6014508603338423,3.0083922047854803,1.6993461467700297,True,False
pruned_6_layers_epoch_6,25,t850,5.3226059668556935,0.548093034485199,3.0083922047854803,2.3142137620702132,True,False
pruned_4_layers_epoch_6,26,t850,3.9224854208237634,0.6852457062159171,3.1117393144682133,0.8107461063555501,True,False
pruned_5_layers_epoch_6,26,t850,4.835551898572698,0.585804810570605,3.1117393144682133,1.7238125841044845,True,False
pruned_6_layers_epoch_6,26,t850,5.492728475751823,0.5305168525466706,3.1117393144682133,2.38098916128361,True,False
pruned_4_layers_epoch_6,27,t850,4.016917384536573,0.668100516722855,3.1965899600663,0.8203274244702725,True,False
pruned_5_layers_epoch_6,27,t850,4.951903231317105,0.5694197781758601,3.1965899600663,1.7553132712508046,True,False
pruned_6_layers_epoch_6,27,t850,5.648816492304456,0.5128916971510349,3.1965899600663,2.452226532238156,True,False
pruned_4_layers_epoch_6,28,t850,4.110941194289223,0.6544882205611501,3.290644641695076,0.8202965525941472,True,False
pruned_5_layers_epoch_6,28,t850,5.066017630379959,0.5565161318752353,3.290644641695076,1.7753729886848832,True,False
pruned_6_layers_epoch_6,28,t850,5.806786926099042,0.4979917701729183,3.290644641695076,2.5161422844039656,True,False
pruned_1_layers_epoch_6,1,u10,0.588428879916335,0.9901445844319946,0.5793602233492462,0.009068656567088773,True,False
pruned_2_layers_epoch_6,1,u10,0.6003141363239821,0.9897410440045362,0.5793602233492462,0.020953912974735922,True,False
pruned_3_layers_epoch_6,1,u10,0.6136944024256488,0.9892792268838296,0.5793602233492462,0.03433417907640257,True,False
pruned_1_layers_epoch_6,2,u10,0.7958618562314763,0.9816912236160408,0.7766938755632112,0.019167980668265083,True,False
pruned_2_layers_epoch_6,2,u10,0.8127277909710421,0.9808930684734324,0.7766938755632112,0.03603391540783085,True,False
pruned_3_layers_epoch_6,2,u10,0.8304104485325308,0.9800469718831878,0.7766938755632112,0.05371657296931953,True,False
pruned_1_layers_epoch_6,3,u10,0.9095280090523832,0.9763514316281792,0.867956441207971,0.04157156784441218,True,False
pruned_2_layers_epoch_6,3,u10,0.9347288518644578,0.9749932249165114,0.867956441207971,0.06677241065648676,True,False
pruned_3_layers_epoch_6,3,u10,0.9601335335710196,0.973606609432391,0.867956441207971,0.09217709236304861,True,False
pruned_1_layers_epoch_6,4,u10,1.0811968708837498,0.966067158643094,1.0270036742007933,0.054193196682956524,True,False
pruned_2_layers_epoch_6,4,u10,1.1134729964773082,0.9639258804268012,1.0270036742007933,0.08646932227651494,True,False
pruned_3_layers_epoch_6,4,u10,1.1467007292049558,0.9617594230774394,1.0270036742007933,0.1196970550041625,True,False
pruned_1_layers_epoch_6,5,u10,1.2188344481271072,0.9573545832207748,1.1375752214612909,0.08125922666581631,True,False
pruned_2_layers_epoch_6,5,u10,1.2609403473038914,0.9542298706550172,1.1375752214612909,0.12336512584260051,True,False
pruned_3_layers_epoch_6,5,u10,1.3057613932220629,0.9509742036878064,1.1375752214612909,0.168186171760772,True,False
pruned_1_layers_epoch_6,6,u10,1.4007071669541258,0.942773281528963,1.3049535671425931,0.09575359981153264,True,False
pruned_2_layers_epoch_6,6,u10,1.449022823871847,0.938502765567609,1.3049535671425931,0.14406925672925386,True,False
pruned_3_layers_epoch_6,6,u10,1.5036208176746049,0.933920918230238,1.3049535671425931,0.19866725053201173,True,False
pruned_1_layers_epoch_6,7,u10,1.5613442672697526,0.929662606236655,1.437027101410168,0.12431716585958452,True,False
pruned_2_layers_epoch_6,7,u10,1.6176581788995412,0.9241675564696668,1.437027101410168,0.18063107748937313,True,False
pruned_3_layers_epoch_6,7,u10,1.6856554107293071,0.9178227765600108,1.437027101410168,0.24862830931913904,True,False
pruned_1_layers_epoch_6,8,u10,1.747153362748343,0.910500329300012,1.6087987469561271,0.13835461579221597,True,False
pruned_2_layers_epoch_6,8,u10,1.8073960902304624,0.9036532863558338,1.6087987469561271,0.19859734327433531,True,False
pruned_3_layers_epoch_6,8,u10,1.8879957252374573,0.8950379071288934,1.6087987469561271,0.27919697828133017,True,False
pruned_1_layers_epoch_6,9,u10,1.921334630950203,0.8929339264358223,1.7556482939746794,0.1656863369755237,True,False
pruned_2_layers_epoch_6,9,u10,1.986310567269778,0.8848698092572516,1.7556482939746794,0.2306622732950987,True,False
pruned_3_layers_epoch_6,9,u10,2.086588268173473,0.8727836136045403,1.7556482939746794,0.33093997419879373,True,False
pruned_1_layers_epoch_6,10,u10,2.105944718062545,0.8692778695229045,1.9283581665774296,0.17758655148511537,True,False
pruned_2_layers_epoch_6,10,u10,2.1710514509478096,0.8599595520749438,1.9283581665774296,0.24269328437037996,True,False
pruned_3_layers_epoch_6,10,u10,2.2964867613169067,0.8425520458700937,1.9283581665774296,0.368128594739477,True,False
pruned_1_layers_epoch_6,11,u10,2.282911154144969,0.8480741538149018,2.081532229924336,0.20137892422063297,True,False
pruned_2_layers_epoch_6,11,u10,2.348703799966993,0.8378135904919501,2.081532229924336,0.2671715700426569,True,False
pruned_3_layers_epoch_6,11,u10,2.5132991295287064,0.8122724281343002,2.081532229924336,0.4317668996043702,True,False
pruned_1_layers_epoch_6,12,u10,2.459124274759985,0.8208217993794873,2.249024748136212,0.21009952662377307,True,False
pruned_2_layers_epoch_6,12,u10,2.52471750674967,0.8090864326700818,2.249024748136212,0.2756927586134581,True,False
pruned_4_layers_epoch_6,12,u10,2.7219737375248743,0.7731889586208919,2.249024748136212,0.47294898938866226,True,False
pruned_1_layers_epoch_6,13,u10,2.6352400646529386,0.7964017201402334,2.4041292867181023,0.23111077793483625,True,False
pruned_2_layers_epoch_6,13,u10,2.6994856655930675,0.7838977765104624,2.4041292867181023,0.29535637887496513,True,False
pruned_4_layers_epoch_6,13,u10,2.9002464137263804,0.743403392464089,2.4041292867181023,0.49611712700827804,True,False
pruned_1_layers_epoch_6,14,u10,2.8072096409078418,0.7650255490947702,2.566989764154956,0.24021987675288559,True,False
pruned_2_layers_epoch_6,14,u10,2.868223853617407,0.7512762573178254,2.566989764154956,0.3012340894624508,True,False
pruned_4_layers_epoch_6,14,u10,3.068007266721246,0.7060008478564257,2.566989764154956,0.50101750256629,True,False
pruned_1_layers_epoch_6,15,u10,2.983064956505205,0.7375223087198908,2.719012281748169,0.264052674757036,True,False
pruned_2_layers_epoch_6,15,u10,3.038627773689824,0.723629737699498,2.719012281748169,0.31961549194165517,True,False
pruned_4_layers_epoch_6,15,u10,3.235366423036799,0.6742636871071501,2.719012281748169,0.5163541412886299,True,False
pruned_1_layers_epoch_6,16,u10,3.151471107365699,0.7022561417611618,2.8701228562680035,0.28134825109769546,True,False
pruned_2_layers_epoch_6,16,u10,3.196669481320088,0.6881865882340756,2.8701228562680035,0.32654662505208476,True,False
pruned_4_layers_epoch_6,16,u10,3.3833667259642533,0.6353824230212739,2.8701228562680035,0.5132438696962498,True,False
pruned_1_layers_epoch_6,17,u10,3.3270165880299145,0.6720771816189729,3.012995682615142,0.3140209054147727,True,False
pruned_2_layers_epoch_6,17,u10,3.360868878870703,0.6590500845256464,3.012995682615142,0.347873196255561,True,False
pruned_4_layers_epoch_6,17,u10,3.532667017515811,0.6043352616232867,3.012995682615142,0.5196713349006692,True,False
pruned_1_layers_epoch_6,18,u10,3.4911021240596667,0.6333994976968073,3.1520888259290984,0.33901329813056824,True,False
pruned_2_layers_epoch_6,18,u10,3.5111263264490904,0.6210632875311974,3.1520888259290984,0.35903750051999195,True,False
pruned_4_layers_epoch_6,18,u10,3.658260434699458,0.5659951054850104,3.1520888259290984,0.5061716087703596,True,False
pruned_1_layers_epoch_6,19,u10,3.666296054531076,0.6012649534467879,3.2860978062592405,0.38019824827183557,True,False
pruned_2_layers_epoch_6,19,u10,3.669018174016942,0.5911336702674461,3.2860978062592405,0.38292036775770155,True,False
pruned_4_layers_epoch_6,19,u10,3.787503538184992,0.5373344221594614,3.2860978062592405,0.5014057319257517,True,False
pruned_2_layers_epoch_6,20,u10,3.8091107613547552,0.5519063572643855,3.4105029092820662,0.398607852072689,True,False
pruned_1_layers_epoch_6,20,u10,3.82747957693132,0.5602595426516825,3.4105029092820662,0.4169766676492537,True,False
pruned_4_layers_epoch_6,20,u10,3.891099592826886,0.5007359062493181,3.4105029092820662,0.48059668354481966,True,False
pruned_2_layers_epoch_6,21,u10,3.960307695346172,0.522396371351274,3.5333437866338806,0.4269639087122914,True,False
pruned_4_layers_epoch_6,21,u10,4.000399578882996,0.4756388108157579,3.5333437866338806,0.467055792249115,True,False
pruned_1_layers_epoch_6,21,u10,4.00629808383281,0.5270523588750615,3.5333437866338806,0.47295429719892956,True,False
pruned_4_layers_epoch_6,22,u10,4.084916932622813,0.441371675643175,3.642623757516872,0.44229317510594157,True,False
pruned_2_layers_epoch_6,22,u10,4.097776612755973,0.4818231961247641,3.642623757516872,0.4551528552391009,True,False
pruned_1_layers_epoch_6,22,u10,4.173274993896484,0.4838207051907172,3.642623757516872,0.5306512363796125,True,False
pruned_4_layers_epoch_6,23,u10,4.18023330272909,0.4195127030990643,3.753951572173136,0.4262817305559543,True,False
pruned_2_layers_epoch_6,23,u10,4.251563431830379,0.4523591223542251,3.753951572173136,0.49761185965724364,True,False
pruned_1_layers_epoch_6,23,u10,4.3621183001129324,0.4502036481596238,3.753951572173136,0.6081667279397966,True,False
pruned_4_layers_epoch_6,24,u10,4.248205998756366,0.388285435111829,3.8501744110491023,0.39803158770726377,True,False
pruned_2_layers_epoch_6,24,u10,4.389872071463302,0.4113726168038459,3.8501744110491023,0.5396976604142001,True,False
pruned_5_layers_epoch_6,24,u10,4.452179768897968,0.3163903629688244,3.8501744110491023,0.6020053578488653,True,False
pruned_4_layers_epoch_6,25,u10,4.3302039873666605,0.3703688306515443,3.950477544155867,0.37972644321079363,True,False
pruned_5_layers_epoch_6,25,u10,4.520232653484664,0.3019358737175691,3.950477544155867,0.5697551093287969,True,False
pruned_6_layers_epoch_6,25,u10,4.522563926334487,0.2957575905589418,3.950477544155867,0.5720863821786204,True,False
pruned_4_layers_epoch_6,26,u10,4.38464519031887,0.3419825349356875,4.034287254237596,0.35035793608127364,True,False
pruned_5_layers_epoch_6,26,u10,4.552276320963599,0.2780197014688779,4.034287254237596,0.5179890667260025,True,False
pruned_6_layers_epoch_6,26,u10,4.564451297568209,0.2715457142356721,4.034287254237596,0.530164043330613,True,False
pruned_4_layers_epoch_6,27,u10,4.455370684575768,0.3276246542204691,4.125731974340684,0.3296387102350842,True,False
pruned_5_layers_epoch_6,27,u10,4.604900541252264,0.268514953137443,4.125731974340684,0.4791685669115804,True,False
pruned_6_layers_epoch_6,27,u10,4.619964562314848,0.2611720948662172,4.125731974340684,0.4942325879741647,True,False
pruned_4_layers_epoch_6,28,u10,4.496899620780732,0.3022647914190532,4.1968581143704204,0.30004150641031124,True,False
pruned_5_layers_epoch_6,28,u10,4.623702379578319,0.2482051302590433,4.1968581143704204,0.4268442652078983,True,False
pruned_6_layers_epoch_6,28,u10,4.6502609093096,0.240654296538267,4.1968581143704204,0.4534027949391799,True,False
pruned_1_layers_epoch_6,1,v10,0.5971269574245262,0.9898527804033715,0.5870744153108011,0.010052542113725083,True,False
pruned_2_layers_epoch_6,1,v10,0.6098457944459755,0.9894152057237464,0.5870744153108011,0.022771379135174463,True,False
pruned_3_layers_epoch_6,1,v10,0.6229890212000415,0.988954218406251,0.5870744153108011,0.03591460588924045,True,False
pruned_1_layers_epoch_6,2,v10,0.822397354594822,0.9804484254821052,0.8021436979650786,0.020253656629743433,True,False
pruned_2_layers_epoch_6,2,v10,0.8405482246223108,0.9795661798402584,0.8021436979650786,0.03840452665723226,True,False
pruned_3_layers_epoch_6,2,v10,0.8603107786045394,0.9786424290534504,0.8021436979650786,0.058167080639460855,True,False
pruned_1_layers_epoch_6,3,v10,0.9415601891512312,0.974614679480398,0.8990687701289214,0.042491419022309795,True,False
pruned_2_layers_epoch_6,3,v10,0.9688658218144038,0.9731110767279256,0.8990687701289214,0.06979705168548245,True,False
pruned_3_layers_epoch_6,3,v10,0.9951399474836594,0.971731732677481,0.8990687701289214,0.09607117735473802,True,False
pruned_1_layers_epoch_6,4,v10,1.1145643035792772,0.9638878460036976,1.0609520713710252,0.05361223220825195,True,False
pruned_2_layers_epoch_6,4,v10,1.1508649088150962,0.9614482055829224,1.0609520713710252,0.08991283744407097,True,False
pruned_3_layers_epoch_6,4,v10,1.1871357377015013,0.9592764041277284,1.0609520713710252,0.12618366633047606,True,False
pruned_1_layers_epoch_6,5,v10,1.2578375179674373,0.954419235943416,1.176204905829616,0.08163261213782125,True,False
pruned_2_layers_epoch_6,5,v10,1.3027015791258998,0.9510921772631852,1.176204905829616,0.12649667329628378,True,False
pruned_3_layers_epoch_6,5,v10,1.3507927356485547,0.947772053033946,1.176204905829616,0.17458782981893872,True,False
pruned_1_layers_epoch_6,6,v10,1.4415444735042209,0.9392014955009164,1.3456002393914337,0.09594423411278719,True,False
pruned_2_layers_epoch_6,6,v10,1.491335884152844,0.9348164433873566,1.3456002393914337,0.1457356447614102,True,False
pruned_3_layers_epoch_6,6,v10,1.5545317214294518,0.9298815014642045,1.3456002393914337,0.20893148203801815,True,False
pruned_1_layers_epoch_6,7,v10,1.610291610216961,0.9248262880234744,1.4839685935547895,0.1263230166621716,True,False
pruned_2_layers_epoch_6,7,v10,1.6668489638653547,0.9193977004322926,1.4839685935547895,0.18288037031056525,True,False
pruned_3_layers_epoch_6,7,v10,1.7448860799800083,0.9122987339616488,1.4839685935547895,0.26091748642521884,True,False
pruned_1_layers_epoch_6,8,v10,1.7967506187588145,0.9049762241001236,1.6567926693229036,0.1399579494359109,True,False
pruned_2_layers_epoch_6,8,v10,1.8561505112568093,0.8982902958406417,1.6567926693229036,0.1993578419339057,True,False
pruned_3_layers_epoch_6,8,v10,1.9529287921649785,0.8882685583396996,1.6567926693229036,0.2961361228420749,True,False
pruned_1_layers_epoch_6,9,v10,1.9760253868955475,0.8861344543249248,1.808570139900932,0.16745524699461556,True,False
pruned_2_layers_epoch_6,9,v10,2.039794427722526,0.8784365164501041,1.808570139900932,0.231224287821594,True,False
pruned_3_layers_epoch_6,9,v10,2.155582057031173,0.8641699652432063,1.808570139900932,0.34701191713024104,True,False
pruned_1_layers_epoch_6,10,v10,2.157907973454652,0.8621203836116045,1.9816964165458464,0.1762115569088054,True,False
pruned_2_layers_epoch_6,10,v10,2.2215271302441644,0.8531972013372283,1.9816964165458464,0.239830713698318,True,False
pruned_3_layers_epoch_6,10,v10,2.3602519901105143,0.8331763174946748,1.9816964165458464,0.37855557356466796,True,False
pruned_1_layers_epoch_6,11,v10,2.3386396762379054,0.839517692946855,2.1404548470534426,0.19818482918446279,True,False
pruned_2_layers_epoch_6,11,v10,2.4058700446975965,0.8296463199833918,2.1404548470534426,0.2654151976441539,True,False
pruned_3_layers_epoch_6,11,v10,2.5740228125502944,0.8011070246803028,2.1404548470534426,0.43356796549685184,True,False
pruned_1_layers_epoch_6,12,v10,2.5132380850488247,0.8117336304494123,2.3086825589227944,0.20455552612603034,True,False
pruned_2_layers_epoch_6,12,v10,2.577594453396078,0.8008352248362323,2.3086825589227944,0.26891189447328356,True,False
pruned_4_layers_epoch_6,12,v10,2.764681861387285,0.7641477844568604,2.3086825589227944,0.4559993024644906,True,False
pruned_1_layers_epoch_6,13,v10,2.6939160650668863,0.7855356318990612,2.469074634200368,0.2248414308665181,True,False
pruned_2_layers_epoch_6,13,v10,2.759390581919494,0.7741117580642913,2.469074634200368,0.29031594771912594,True,False
pruned_4_layers_epoch_6,13,v10,2.9564869763464903,0.7308819603653594,2.469074634200368,0.48741234214612206,True,False
pruned_1_layers_epoch_6,14,v10,2.861043423913711,0.7542314725881182,2.628796445590824,0.23224697832288665,True,False
pruned_2_layers_epoch_6,14,v10,2.920742174766583,0.7420294224882925,2.628796445590824,0.291945729175759,True,False
pruned_4_layers_epoch_6,14,v10,3.12483446824484,0.6919945158771963,2.628796445590824,0.496038022654016,True,False
pruned_1_layers_epoch_6,15,v10,3.040332134875505,0.7246863861989709,2.7866292172970053,0.2537029175784995,True,False
pruned_2_layers_epoch_6,15,v10,3.0994843957144456,0.7122954436520624,2.7866292172970053,0.31285517841744026,True,False
pruned_4_layers_epoch_6,15,v10,3.311885990910024,0.6548077247662252,2.7866292172970053,0.5252567736130187,True,False
pruned_1_layers_epoch_6,16,v10,3.2023971786712133,0.6894388741621092,2.936490156131084,0.2659070225401292,True,False
pruned_2_layers_epoch_6,16,v10,3.250114516838969,0.6771641503499207,2.936490156131084,0.3136243607078848,True,False
pruned_4_layers_epoch_6,16,v10,3.464377697619646,0.6131788004377035,2.936490156131084,0.5278875414885618,True,False
pruned_1_layers_epoch_6,17,v10,3.3835702874807008,0.6558216868499138,3.0900285736808564,0.2935417137998444,True,False
pruned_2_layers_epoch_6,17,v10,3.422318783552287,0.6449861746260573,3.0900285736808564,0.33229020987143043,True,False
pruned_4_layers_epoch_6,17,v10,3.641031090773684,0.5742871486607877,3.0900285736808564,0.5510025170928277,True,False
pruned_1_layers_epoch_6,18,v10,3.5421916119879184,0.6165699943816861,3.227110716217723,0.3150808957701954,True,False
pruned_2_layers_epoch_6,18,v10,3.560329931408333,0.6074072167527076,3.227110716217723,0.33321921519060993,True,False
pruned_4_layers_epoch_6,18,v10,3.7734991851465662,0.5320697744798394,3.227110716217723,0.5463884689288432,True,False
pruned_1_layers_epoch_6,19,v10,3.728325472197719,0.5790898700000188,3.3750494765169794,0.35327599568073964,True,False
pruned_2_layers_epoch_6,19,v10,3.728803091209028,0.573107898235321,3.3750494765169794,0.3537536146920486,True,False
pruned_4_layers_epoch_6,19,v10,3.937406289510887,0.4929699409940389,3.3750494765169794,0.5623568129939076,True,False
pruned_2_layers_epoch_6,20,v10,3.862346111063185,0.5330709831674671,3.5031678863077857,0.3591782247553992,True,False
pruned_1_layers_epoch_6,20,v10,3.888557797703663,0.5361407360884064,3.5031678863077857,0.3853899113958774,True,False
pruned_4_layers_epoch_6,20,v10,4.046648674171064,0.4523000600617691,3.5031678863077857,0.5434807878632784,True,False
pruned_2_layers_epoch_6,21,v10,4.033876709431909,0.4967413699493728,3.643935427319404,0.3899412821125052,True,False
pruned_1_layers_epoch_6,21,v10,4.082034986112371,0.4957583947887634,3.643935427319404,0.4380995587929668,True,False
pruned_4_layers_epoch_6,21,v10,4.192988366388076,0.4151465947734577,3.643935427319404,0.5490529390686723,True,False
pruned_2_layers_epoch_6,22,v10,4.1613814950655295,0.4558325391574945,3.756740905719096,0.40464058934643354,True,False
pruned_1_layers_epoch_6,22,v10,4.241598129272461,0.4517043387756667,3.756740905719096,0.484857223553365,True,False
pruned_4_layers_epoch_6,22,v10,4.277318913177405,0.3779421412911495,3.756740905719096,0.5205780074583091,True,False
pruned_2_layers_epoch_6,23,v10,4.335189010843885,0.4185614247062352,3.8848052291230784,0.4503837817208063,True,False
pruned_4_layers_epoch_6,23,v10,4.406053802820558,0.3441111149901118,3.8848052291230784,0.5212485736974792,True,False
pruned_1_layers_epoch_6,23,v10,4.440629153278287,0.4110806010788379,3.8848052291230784,0.555823924155209,True,False
pruned_2_layers_epoch_6,24,v10,4.459128222651988,0.3772201646306661,3.97888423077887,0.48024399187311806,True,False
pruned_4_layers_epoch_6,24,v10,4.465955205469824,0.3115585204942266,3.97888423077887,0.4870709746909543,True,False
pruned_1_layers_epoch_6,24,v10,4.602348177126666,0.3681493326605365,3.97888423077887,0.6234639463477962,True,False
pruned_4_layers_epoch_6,25,v10,4.57581873179814,0.2823236271031409,4.092420937628719,0.48339779416942097,True,False
pruned_2_layers_epoch_6,25,v10,4.6303514675055135,0.3406669015075241,4.092420937628719,0.5379305298767942,True,False
pruned_1_layers_epoch_6,25,v10,4.807029325868831,0.32933509994985,4.092420937628719,0.7146083882401113,True,False
pruned_4_layers_epoch_6,26,v10,4.614867645934973,0.2547643345015841,4.169846075207161,0.44502157072781223,True,False
pruned_2_layers_epoch_6,26,v10,4.744028550952507,0.3012119609883377,4.169846075207161,0.5741824757453458,True,False
pruned_5_layers_epoch_6,26,v10,4.8850282130960645,0.1594200172883005,4.169846075207161,0.7151821378889034,True,False
pruned_4_layers_epoch_6,27,v10,4.709283341242615,0.2298053659644373,4.276009626228716,0.43327371501389855,True,False
pruned_2_layers_epoch_6,27,v10,4.911573692407022,0.2664331245813622,4.276009626228716,0.635564066178306,True,False
pruned_5_layers_epoch_6,27,v10,4.934770474886761,0.1454152775334594,4.276009626228716,0.6587608486580452,True,False
pruned_4_layers_epoch_6,28,v10,4.729489050763945,0.2073720901145719,4.342829147530668,0.38665990323327737,True,False
pruned_5_layers_epoch_6,28,v10,4.908611236337843,0.1395087686195636,4.342829147530668,0.5657820888071754,True,False
pruned_2_layers_epoch_6,28,v10,5.015476874133062,0.2309406559846712,4.342829147530668,0.6726477266023947,True,False
pruned_2_layers_epoch_6,1,z500,37.29134675777159,0.999336080511189,36.96995054276962,0.32139621500197535,True,False
pruned_1_layers_epoch_6,1,z500,34.93897309116811,0.9994179982712816,36.96995054276962,2.030977451601508,True,False
pruned_3_layers_epoch_6,1,z500,40.44544852912093,0.999229126136396,36.96995054276962,3.4754979863513142,True,False
pruned_1_layers_epoch_6,2,z500,54.3825831919409,0.9985997846672656,51.52091954407079,2.8616636478701096,True,False
pruned_2_layers_epoch_6,2,z500,58.32834416394793,0.9983833555402702,51.52091954407079,6.807424619877139,True,False
pruned_3_layers_epoch_6,2,z500,64.66218221653773,0.9980623089401416,51.52091954407079,13.141262672466937,True,False
pruned_1_layers_epoch_6,3,z500,70.82834086071846,0.9976297184075724,63.62037038536711,7.207970475351345,True,False
pruned_2_layers_epoch_6,3,z500,77.15573874532177,0.997171554152526,63.62037038536711,13.53536835995466,True,False
pruned_3_layers_epoch_6,3,z500,87.32721079394804,0.9964696824883617,63.62037038536711,23.70684040858093,True,False
pruned_1_layers_epoch_6,4,z500,92.4227879700048,0.9959793074170972,82.16733384798358,10.25545412202122,True,False
pruned_2_layers_epoch_6,4,z500,99.84020365283476,0.995284572659924,82.16733384798358,17.672869804851175,True,False
pruned_3_layers_epoch_6,4,z500,113.13037659202874,0.9941104670476648,82.16733384798358,30.963042744045154,True,False
pruned_1_layers_epoch_6,5,z500,112.62845585998876,0.9940088964041384,98.03055572509766,14.597900134891105,True,False
pruned_2_layers_epoch_6,5,z500,121.91127627921504,0.9929447190721608,98.03055572509766,23.88072055411739,True,False
pruned_3_layers_epoch_6,5,z500,138.5758164475084,0.9911300127066712,98.03055572509766,40.545260722410745,True,False
pruned_1_layers_epoch_6,6,z500,137.17010280673065,0.9911053327208792,119.646077204017,17.52402560271365,True,False
pruned_2_layers_epoch_6,6,z500,147.04980703172737,0.989742338990366,119.646077204017,27.403729827710364,True,False
pruned_3_layers_epoch_6,6,z500,166.67613322508402,0.9871791830941952,119.646077204017,47.03005602106701,True,False
pruned_1_layers_epoch_6,7,z500,159.9828085446491,0.9878338308973684,138.03661576596053,21.946192778688555,True,False
pruned_2_layers_epoch_6,7,z500,171.21441352034415,0.9860295153862936,138.03661576596053,33.17779775438362,True,False
pruned_3_layers_epoch_6,7,z500,194.17739331122883,0.9824989381449184,138.03661576596053,56.14077754526829,True,False
pruned_1_layers_epoch_6,8,z500,186.49021971292336,0.9834641554502136,161.36262247948673,25.12759723343663,True,False
pruned_2_layers_epoch_6,8,z500,198.1230317867002,0.9813142638632704,161.36262247948673,36.76040930721348,True,False
pruned_3_layers_epoch_6,8,z500,224.76349090064704,0.9765160013843516,161.36262247948673,63.40086842116031,True,False
pruned_1_layers_epoch_6,9,z500,211.8427163235968,0.9785320096175764,182.4740946679142,29.368621655682603,True,False
pruned_2_layers_epoch_6,9,z500,224.55432555129408,0.975875127248924,182.4740946679142,42.0802308833799,True,False
pruned_3_layers_epoch_6,9,z500,255.51026703392327,0.9693662317771484,182.4740946679142,73.03617236600908,True,False
pruned_1_layers_epoch_6,10,z500,240.52108065642457,0.9723018830714945,208.0126748537884,32.50840580263616,True,False
pruned_2_layers_epoch_6,10,z500,253.4783716468172,0.9692720304654298,208.0126748537884,45.4656967930288,True,False
pruned_3_layers_epoch_6,10,z500,289.4218540298206,0.960502832961482,208.0126748537884,81.40917917603221,True,False
pruned_1_layers_epoch_6,11,z500,268.2456812512275,0.9653104300605518,231.66164862776603,36.58403262346147,True,False
pruned_2_layers_epoch_6,11,z500,281.9779377516422,0.9617380330016492,231.66164862776603,50.316289123876146,True,False
pruned_3_layers_epoch_6,11,z500,323.89470872932304,0.9499201881152958,231.66164862776603,92.23306010155702,True,False
pruned_1_layers_epoch_6,12,z500,298.8960890103985,0.9569061907976032,258.93492117940383,39.96116783099467,True,False
pruned_2_layers_epoch_6,12,z500,312.63646992092026,0.9529582941332344,258.93492117940383,53.70154874151643,True,False
pruned_3_layers_epoch_6,12,z500,362.33126933348245,0.936940392635388,258.93492117940383,103.39634815407862,True,False
pruned_1_layers_epoch_6,13,z500,328.9486176048577,0.9474603217407312,284.7218889630707,44.22672864178702,True,False
pruned_2_layers_epoch_6,13,z500,342.9901591892349,0.9429899633929716,284.7218889630707,58.26827022616419,True,False
pruned_3_layers_epoch_6,13,z500,401.78363446283606,0.921486427331104,284.7218889630707,117.06174549976538,True,False
pruned_1_layers_epoch_6,14,z500,361.9200072901209,0.9363577219361032,313.61880152185535,48.30120576826556,True,False
pruned_2_layers_epoch_6,14,z500,375.4297655840826,0.9316449321848054,313.61880152185535,61.81096406222724,True,False
pruned_4_layers_epoch_6,14,z500,440.5360228469252,0.9033404908366708,313.61880152185535,126.91722132506987,True,False
pruned_1_layers_epoch_6,15,z500,394.2745030578954,0.923943186272456,340.95229659266977,53.322206465225634,True,False
pruned_2_layers_epoch_6,15,z500,407.3882359339538,0.9189099915866744,340.95229659266977,66.43593934128404,True,False
pruned_4_layers_epoch_6,15,z500,476.7391638729159,0.8855918279573238,340.95229659266977,135.78686728024616,True,False
pruned_1_layers_epoch_6,16,z500,429.1284952003863,0.9097551656834906,370.6368241123647,58.491671088021576,True,False
pruned_2_layers_epoch_6,16,z500,440.796467019193,0.904913426777504,370.6368241123647,70.15964290682831,True,False
pruned_4_layers_epoch_6,16,z500,513.719816580831,0.866537512347685,370.6368241123647,143.08299246846627,True,False
pruned_1_layers_epoch_6,17,z500,463.0539470651297,0.8941579527695086,398.5739928517262,64.47995421340352,True,False
pruned_2_layers_epoch_6,17,z500,473.1919630679338,0.8894771350828629,398.5739928517262,74.6179702162076,True,False
pruned_4_layers_epoch_6,17,z500,548.816120680484,0.8461354291638848,398.5739928517262,150.24212782875782,True,False
pruned_1_layers_epoch_6,18,z500,498.9410898219274,0.876869901265512,428.4601148893048,70.48097493262259,True,False
pruned_2_layers_epoch_6,18,z500,506.4899789820837,0.8730331073260175,428.4601148893048,78.0298640927789,True,False
pruned_4_layers_epoch_6,18,z500,584.1610028996814,0.824985290039851,428.4601148893048,155.70088801037662,True,False
pruned_1_layers_epoch_6,19,z500,533.0516256833209,0.8584265845447945,456.19416936948977,76.85745631383116,True,False
pruned_2_layers_epoch_6,19,z500,538.4208520644204,0.8552007365493135,456.19416936948977,82.22668269493062,True,False
pruned_4_layers_epoch_6,19,z500,617.1256117154766,0.8028000426692004,456.19416936948977,160.9314423459868,True,False
pruned_1_layers_epoch_6,20,z500,568.9313420983,0.8384295462230065,485.5751056351475,83.35623646315247,True,False
pruned_2_layers_epoch_6,20,z500,571.3328758538103,0.8364624347766685,485.5751056351475,85.75777021866276,True,False
pruned_4_layers_epoch_6,20,z500,649.976620807328,0.7804822568786877,485.5751056351475,164.4015151721805,True,False
pruned_2_layers_epoch_6,21,z500,602.5939677147892,0.816225894003607,512.4999275420631,90.09404017272607,True,False
pruned_1_layers_epoch_6,21,z500,602.8760554990289,0.8172714930006911,512.4999275420631,90.37612795696577,True,False
pruned_4_layers_epoch_6,21,z500,680.0056769514883,0.7575487064915662,512.4999275420631,167.50574940942522,True,False
pruned_2_layers_epoch_6,22,z500,634.7479021296155,0.7953815623368631,540.7385664785375,94.009335651078,True,False
pruned_1_layers_epoch_6,22,z500,638.1027494462509,0.7947852544944379,540.7385664785375,97.36418296771342,True,False
pruned_4_layers_epoch_6,22,z500,709.8554431766105,0.7350294097175811,540.7385664785375,169.11687669807304,True,False
pruned_2_layers_epoch_6,23,z500,664.8556153707664,0.7730762625539769,566.434262749869,98.42135262089732,True,False
pruned_1_layers_epoch_6,23,z500,671.1366304365616,0.7712191368281508,566.434262749869,104.70236768669258,True,False
pruned_4_layers_epoch_6,23,z500,736.7788222328911,0.7120781602473233,566.434262749869,170.34455948302207,True,False
pruned_2_layers_epoch_6,24,z500,695.5537402616533,0.7507241681301394,593.3711491590105,102.18259110264273,True,False
pruned_1_layers_epoch_6,24,z500,705.4865947702077,0.7465592015055971,593.3711491590105,112.11544561119717,True,False
pruned_4_layers_epoch_6,24,z500,763.534893355556,0.6900660535476727,593.3711491590105,170.1637441965455,True,False
pruned_2_layers_epoch_6,25,z500,723.971371442912,0.7269420294122323,617.8017690647914,106.16960237812054,True,False
pruned_1_layers_epoch_6,25,z500,737.5146238870461,0.7209869170322099,617.8017690647914,119.71285482225471,True,False
pruned_4_layers_epoch_6,25,z500,787.4289837203212,0.6677799407996279,617.8017690647914,169.62721465552977,True,False
pruned_2_layers_epoch_6,26,z500,753.1666426845103,0.7035309885467231,643.567575124389,109.59906756012128,True,False
pruned_1_layers_epoch_6,26,z500,771.0383546285789,0.6947516983780782,643.567575124389,127.47077950418986,True,False
pruned_4_layers_epoch_6,26,z500,811.1773971472372,0.6470475198503313,643.567575124389,167.60982202284822,True,False
pruned_2_layers_epoch_6,27,z500,779.7895531680997,0.678638715151302,666.6720887935361,113.11746437456361,True,False
pruned_1_layers_epoch_6,27,z500,801.923899389512,0.6679559047828173,666.6720887935361,135.25181059597594,True,False
pruned_4_layers_epoch_6,27,z500,832.051796002095,0.6260949856076161,666.6720887935361,165.3797072085589,True,False
pruned_2_layers_epoch_6,28,z500,806.9718822287448,0.6548194727085156,690.9296308975646,116.04225133118018,True,False
pruned_1_layers_epoch_6,28,z500,833.8574396058834,0.6413650070655279,690.9296308975646,142.92780870831882,True,False
pruned_4_layers_epoch_6,28,z500,852.7518463987212,0.6071400510865217,690.9296308975646,161.82221550115662,True,False
